shirt-white-hanger-focus	https://images.unsplash.com/photo-1521731610793-f6ec09461c4f?w=1600&q=75&auto=format
shirt-rail-by-window	https://images.unsplash.com/photo-1702907644567-74f8f37bb068?w=1600&q=75&auto=format
shirt-crewneck-hanger	https://images.unsplash.com/photo-1511500587571-7b710abffba7?w=1600&q=75&auto=format
shirts-row-pressed	https://images.unsplash.com/photo-1561053720-76cd73ff22c3?w=1600&q=75&auto=format
shirts-rack-closeup	https://images.unsplash.com/photo-1489987707025-afc232f7ea0f?w=1600&q=75&auto=format
hangers-white-row	https://images.unsplash.com/photo-1517502166878-35c93a0072f0?w=1600&q=75&auto=format
rail-neutral-tones	https://images.unsplash.com/photo-1603400521630-9f2de124b33b?w=1600&q=75&auto=format
rail-black-garments	https://images.unsplash.com/photo-1529720317453-c8da503f2051?w=1600&q=75&auto=format
boutique-rails-interior	https://images.unsplash.com/photo-1441984904996-e0b6ba687e04?w=1600&q=75&auto=format
suit-jackets-rail	https://images.unsplash.com/photo-1549037173-e3b717902c57?w=1600&q=75&auto=format
rack-hangers-macro	https://images.pexels.com/photos/20433641/pexels-photo-20433641.jpeg?auto=compress&cs=tinysrgb&w=1600
boutique-rack-tall	https://images.pexels.com/photos/5424922/pexels-photo-5424922.jpeg?auto=compress&cs=tinysrgb&w=1600
jackets-steel-rack	https://images.pexels.com/photos/7679685/pexels-photo-7679685.jpeg?auto=compress&cs=tinysrgb&w=1600
steam-iron-in-hand	https://images.pexels.com/photos/7641260/pexels-photo-7641260.jpeg?auto=compress&cs=tinysrgb&w=1600
steam-pressed-board	https://images.pexels.com/photos/28576619/pexels-photo-28576619.jpeg?auto=compress&cs=tinysrgb&w=1600
iron-on-blue-cloth	https://images.unsplash.com/photo-1633680889715-2c9752bf0840?w=1600&q=75&auto=format
pressing-shirt-on-rack	https://images.unsplash.com/photo-1732605549016-7983a22820f0?w=1600&q=75&auto=format
ironing-hands-closeup	https://images.pexels.com/photos/9462648/pexels-photo-9462648.jpeg?auto=compress&cs=tinysrgb&w=1600
hand-sewing-needle	https://images.pexels.com/photos/36356352/pexels-photo-36356352.jpeg?auto=compress&cs=tinysrgb&w=1600
tailor-measuring-fabric	https://images.pexels.com/photos/30902518/pexels-photo-30902518.jpeg?auto=compress&cs=tinysrgb&w=1600
tailor-chalk-mark	https://images.pexels.com/photos/7775480/pexels-photo-7775480.jpeg?auto=compress&cs=tinysrgb&w=1600
shears-cutting-fabric	https://images.pexels.com/photos/5830661/pexels-photo-5830661.jpeg?auto=compress&cs=tinysrgb&w=1600
tailor-workshop-warm	https://images.pexels.com/photos/33078826/pexels-photo-33078826.jpeg?auto=compress&cs=tinysrgb&w=1600
sewing-machine-workshop	https://images.pexels.com/photos/7147652/pexels-photo-7147652.jpeg?auto=compress&cs=tinysrgb&w=1600
linen-beige-macro	https://images.unsplash.com/photo-1528458909336-e7a0adfed0a5?w=1600&q=75&auto=format
silk-white-folds	https://images.unsplash.com/photo-1619043518800-7f14be467dca?w=1600&q=75&auto=format
satin-cream-folds	https://images.unsplash.com/photo-1606259457945-67dc66271ee6?w=1600&q=75&auto=format
wool-grey-macro	https://images.unsplash.com/photo-1643313262988-cdc5f50c6019?w=1600&q=75&auto=format
knit-white-macro	https://images.unsplash.com/photo-1595026525047-dfa997df8a4a?w=1600&q=75&auto=format
fabric-black-ripples	https://images.pexels.com/photos/34860687/pexels-photo-34860687.jpeg?auto=compress&cs=tinysrgb&w=1600
linen-natural-macro	https://images.pexels.com/photos/7794365/pexels-photo-7794365.jpeg?auto=compress&cs=tinysrgb&w=1600
suit-jackets-display-bw	https://images.pexels.com/photos/37987847/pexels-photo-37987847.jpeg?auto=compress&cs=tinysrgb&w=1600
suit-mannequin-studio	https://images.pexels.com/photos/6213709/pexels-photo-6213709.jpeg?auto=compress&cs=tinysrgb&w=1600
suit-among-racks	https://images.pexels.com/photos/30916976/pexels-photo-30916976.jpeg?auto=compress&cs=tinysrgb&w=1600
black-suit-by-window	https://images.pexels.com/photos/35564328/pexels-photo-35564328.jpeg?auto=compress&cs=tinysrgb&w=1600
man-in-suit-street	https://images.unsplash.com/photo-1506751470038-e579eb91f580?w=1600&q=75&auto=format
gown-hanging-window	https://images.pexels.com/photos/23020969/pexels-photo-23020969.jpeg?auto=compress&cs=tinysrgb&w=1600
gown-on-hanger	https://images.pexels.com/photos/20352728/pexels-photo-20352728.jpeg?auto=compress&cs=tinysrgb&w=1600
gown-lacing-bw	https://images.pexels.com/photos/5978140/pexels-photo-5978140.jpeg?auto=compress&cs=tinysrgb&w=1600
folded-shirts-shelf	https://images.unsplash.com/photo-1700659392887-0a026c53f8e2?w=1600&q=75&auto=format
folded-shirts-stack	https://images.unsplash.com/photo-1635274605638-d44babc08a4f?w=1600&q=75&auto=format
folded-flannel-bw	https://images.unsplash.com/photo-1782227293813-040b9f9ce99e?w=1600&q=75&auto=format
folded-tees-on-black	https://images.unsplash.com/photo-1548768041-2fceab4c0b85?w=1600&q=75&auto=format
folded-knit-macro	https://images.pexels.com/photos/14641436/pexels-photo-14641436.jpeg?auto=compress&cs=tinysrgb&w=1600
hands-folded-cloth	https://images.pexels.com/photos/9185814/pexels-photo-9185814.jpeg?auto=compress&cs=tinysrgb&w=1600
stack-in-hands	https://images.pexels.com/photos/4440574/pexels-photo-4440574.jpeg?auto=compress&cs=tinysrgb&w=1600
drycleaner-at-work	https://images.unsplash.com/photo-1763495195143-f3d6650630f9?w=1600&q=75&auto=format
folding-dim-shop	https://images.unsplash.com/photo-1765015981449-35a28ed5b1e9?w=1600&q=75&auto=format
laundry-towels-team	https://images.unsplash.com/photo-1765015981578-ba6b98a43493?w=1600&q=75&auto=format
drycleaner-interior	https://images.unsplash.com/photo-1782243273964-86c4ffa21418?w=1600&q=75&auto=format
laundry-shop-worker	https://images.pexels.com/photos/14361266/pexels-photo-14361266.jpeg?auto=compress&cs=tinysrgb&w=1600
ok-cleaners-neon	https://images.unsplash.com/photo-1512532019-3bdca31ba6ed?w=1600&q=75&auto=format
cleaners-at-night	https://images.unsplash.com/photo-1578329824171-ef7611e9a5ca?w=1600&q=75&auto=format
vintage-laundromat	https://images.pexels.com/photos/35768200/pexels-photo-35768200.jpeg?auto=compress&cs=tinysrgb&w=1600
van-loading	https://images.unsplash.com/photo-1620455800201-7f00aeef12ed?w=1600&q=75&auto=format
white-van-open	https://images.unsplash.com/photo-1558803116-b443d28fa878?w=1600&q=75&auto=format
bottle-on-wood	https://images.unsplash.com/photo-1625479761497-540dcd8bd5fa?w=1600&q=75&auto=format
laundry-sheets-wood	https://images.unsplash.com/photo-1714058957722-06d4f925dd39?w=1600&q=75&auto=format
spray-bottle-hand	https://images.pexels.com/photos/6612221/pexels-photo-6612221.jpeg?auto=compress&cs=tinysrgb&w=1600
detergent-bottle-clean	https://images.pexels.com/photos/4440564/pexels-photo-4440564.jpeg?auto=compress&cs=tinysrgb&w=1600
eucalyptus-in-vase	https://images.unsplash.com/photo-1546387903-6d82d96ccca6?w=1600&q=75&auto=format
leaves-on-white	https://images.unsplash.com/photo-1634291196724-742f2a32463c?w=1600&q=75&auto=format
cloth-with-leaves	https://images.unsplash.com/photo-1639690265149-d70d289a6638?w=1600&q=75&auto=format
eucalyptus-natural-light	https://images.pexels.com/photos/30347941/pexels-photo-30347941.jpeg?auto=compress&cs=tinysrgb&w=1600
toronto-flatiron-snow	https://images.unsplash.com/photo-1514924013411-cbf25faa35bb?w=1600&q=75&auto=format
toronto-streetcar	https://images.unsplash.com/photo-1662872506786-879ae10f6d9b?w=1600&q=75&auto=format
toronto-intersection	https://images.pexels.com/photos/31222535/pexels-photo-31222535.jpeg?auto=compress&cs=tinysrgb&w=1600
